task1.species_1	task1.parameter_48
3.63955812124e-08	0.0170748510841
