task1.species_1	task1.parameter_48
0.000157376894908	5.56185194209
