task1.species_1	task1.parameter_48
0.000630609149639	1.74088977457
