task1.species_1	task1.parameter_48
7.2877606753e-08	0.428037802632
