task1.species_1	task1.parameter_48
7.52114367279e-06	12.3936805426
