task1.species_1	task1.parameter_48
4.66950781207e-07	10.2241823787
