task1.species_1	task1.parameter_48
0.0102458261017	-1229.07089823
