task1.species_1	task1.parameter_48
0.00251109805399	3.94169642254
