task1.species_1	task1.parameter_48
3.82255916365e-08	-0.141121113809
