task1.species_1	task1.parameter_48
5.09231902899e-07	0.608597690915
