task1.species_1	task1.parameter_48
3.76212240562e-05	10.9469340693
